{
  "consequential_damages": {
    "0": ["consequential", "/20", "damage*"],
    "1": ["special", "/20", "damage*"],
    "2": ["indirect", "/20", "damage*"],
    "3": ["punitive", "/20", "damage*"],
    "4": ["incidental", "/20", "damage*"],
    "5": ["loss*", "/5", "use*"],
    "6": ["lost", "/5", "profit*"],
    "7": ["loss*", "/5", "profit*"],
    "8": ["lost", "/5", "revenue*"],
    "9": ["loss*", "/5", "revenue*"],
    "10": ["displayed", "/20", "with*"]
  },
  "delays": {
    "0": ["recovery", "/3", "schedule"],
    "1": ["accler", "/20", "schedule"],
    "2": ["acceler", "/20", "progress"],
    "3": ["force", "/3", "majeure"],
    "4": ["delay", "/20", "weather"],
    "5": ["delay", "/20", "shortage"],
    "6": ["delay", "/20", "god"],
    "7": ["delay", "/20", "war"],
    "8": ["delay", "/20", "acceler"],
    "9": ["delay", "/20", "covid"],
    "10": ["delay", "/20", "terror"],
    "11": ["delay", "/20", "perform"],
    "12": ["delay", "/20", "strike"],
    "13": ["delay", "/20", "fire"],
    "14": ["delay", "/20", "labor"],
    "15": ["hinder", "/20", "performance"],
    "16": ["lack", "/3", "productivity"],
    "17": ["out", "/3", "sequence"],
    "18": ["acceler", "/20", "manpower"],
    "19": ["accelera", "/20", "man", "/3", "power"],
    "20": ["extension*", "/3", "time"],
    "21": ["damage*", "/3", "delay*"],
    "22": ["delay*", "/20", "hinder"],
    "23": ["delay*", "/20", "hurricane"],
    "24": ["delay*", "/20", "earthquake"],
    "25": ["delay*", "/20", "flood"],
    "26": ["delay*", "/20", "epidemic"],
    "27": ["delay*", "/20", "pandemic"],
    "28": ["delay*", "/10", "notice*"],
    "29": ["delay*", "/10", "claim*"],
    "30": ["delay*", "/3", "excusable"],
    "31": ["remedy", "/20", "extension"],
    "32": ["disruption*", "/20", "damage*"],
    "33": ["delay*", "/20", "milestone*"],
    "34": ["delay*", "/20", "critical"],
    "35": ["acceler", "/20", "perform"],
    "36": ["loss", "/3", "productivity"],
    "37": ["delay*", "/20", "inefficiency"],
    "38": ["delay*", "/20", "overtime"]
  },
  "hazardous_materials": {
    "0": ["hazardous", "/3", "material"],
    "1": ["CERCLA"],
    "2": ["radon", "/3", "gas"],
    "3": ["hazard*", "/20", "classified"],
    "4": ["hazard*", "/20", "waste*"],
    "5": ["toxic*"],
    "6": ["pollutant"],
    "7": ["asbestos"],
    "8": ["radioactive"],
    "9": ["danger*", "/5", "waste"],
    "10": ["hazard*", "/20", "chemical*"],
    "11": ["biphenyls"],
    "12": ["formaldehyde"]
  },
  "hidden_conditions": {
    "0": ["hidden", "/20", "condition*"],
    "1": ["subsurface", "/20", "condition*"],
    "2": ["unsuitable", "/10", "soil*"],
    "3": ["reason", "/5", "foresee"],
    "4": ["material*", "/10", "ordinarily"],
    "5": ["soil", "/10", "test"],
    "6": ["excavation", "/20", "condition*"],
    "7": ["suitability", "/10", "condition*"],
    "8": ["adequacy", "/10", "condition*"],
    "9": ["latent", "/20", "condition*"],
    "10": ["visibly", "/3", "apparent"],
    "11": ["unexpected", "/20", "condition*"],
    "12": ["concealed", "/20", "condition*"],
    "13": ["differ", "/10", "material*"],
    "14": ["unknown", "/20", "condition*"],
    "15": ["examine", "/10", "site*"],
    "16": ["verify", "/20", "utilities"],
    "17": ["verify", "/20", "gas"],
    "18": ["verify", "/20", "electric"],
    "19": ["verify", "/20", "optic"],
    "20": ["verify", "/20", "sewer"],
    "21": ["reasonably", "/3", "inferable"]
  },
  "indemnity": {
    "0": ["indemnity"],
    "1": ["indemnify"],
    "2": ["hold", "/5", "harmless"],
    "3": ["defend", "/15", "attorney"],
    "4": ["save", "/5", "harmless"],
    "5": ["indemnification"],
    "6": ["\"725.06\""],
    "7": ["\"725.08\""]
  },
  "liability_caps": {
    "0": ["liablity", "/5", "cap*"],
    "1": ["limit*", "/5", "liablity"],
    "2": ["liablity", "/20", "exceed*"],
    "3": ["maximum", "/5", "liablity"],
    "4": ["aggregate", "/5", "liablity"]
  },
  "liquidated_damages": { "0": ["liquid*", "/5", "damage*"] },
  "notice_and_opp_to_cure": {
    "0": ["notice*", "/5", "cure"],
    "1": ["submit", "/5", "claim*"],
    "2": ["7", "/3", "day", "/3", "notice*"],
    "3": ["seven", "/3", "day*", "/3", "notice*"],
    "4": ["5", "/3", "day*", "/3", "notice*"],
    "5": ["five", "/3", "day*", "/3", "notice*"],
    "6": ["3", "/3", "day*", "/3", "notice*"],
    "7": ["three", "/3", "day*", "/3", "notice*"],
    "8": ["48", "/3", "hour*", "/3", "notice*"],
    "9": ["four", "/3", "hour*", "/3", "notice*"],
    "10": ["72", "/3", "hour*", "/3", "notice*"],
    "11": ["seven", "/3", "hour*", "/3", "notice*"],
    "12": ["24", "/3", "hour*", "/3", "notice*"],
    "13": ["twenty", "/3", "hour*", "/3", "notice*"]
  },
  "pay_if_paid": {
    "0": ["pay*", "/3", "paid"],
    "1": ["\"pay-when-paid\""],
    "2": ["\"pay-if-paid\""],
    "3": ["payment", "/15", "condition", "/5", "precedent"],
    "4": ["payment", "/15", "contingent", "/5", "upon"],
    "5": ["prompt", "/3", "payment"]
  },
  "price_escalation": {
    "0": ["price*", "/5", "escalation"],
    "1": ["cost*", "/5", "escalation"],
    "2": ["pric*", "/10", "fixed"],
    "3": ["contract*", "/3", "sum", "/3", "fixed"],
    "4": ["contract*", "/3", "sum", "/3", "exceed*"],
    "5": ["material*", "/3", "shortage"],
    "6": ["reasonably", "/3", "inferable"]
  },
  "stop_work": {
    "0": ["stop*", "/5", "work*"],
    "1": ["slow*", "/5", "work*"],
    "2": ["halt*", "/5", "work*"],
    "3": ["cease*", "/5", "work*"],
    "4": ["suspend*", "/5", "work*"],
    "5": ["suspension*", "/5", "work*"],
    "6": ["suspend*", "/5", "perform*"],
    "7": ["stop*", "/5", "perform*"]
  }
}
